"","lat","lon"
"1",38.9071923,-77.0368707
"2",36.1699412,-115.1398296
"3",39.0997265,-94.5785667
"4",43.0125274,-83.6874562
"5",38.9071923,-77.0368707
"6",37.3382082,-121.8863286
"7",40.7127753,-74.0059728
"8",42.3600825,-71.0588801
"9",35.9940329,-78.898619
"10",40.2859239,-76.6502468
"11",39.9868904,-75.4007058
"12",51.5073509,-0.1277583
"13",40.3470671,-79.8641232
"14",35.2270869,-80.8431267
"15",39.7392358,-104.990251
"16",43.0730517,-89.4012302
"17",-34.9284989,138.6007456
"18",40.8298006,-74.2401609
"19",38.984652,-77.0947092
"20",43.653226,-79.3831843
"21",45.5122308,-122.6587185
"22",35.7595731,-79.0192997
"23",41.228382,-85.1724726
"24",39.458681,-82.2318156
"25",38.3903526,-84.2941013
"26",37.2709704,-79.9414266
"27",38.8813958,-94.8191285
"28",38.0405837,-84.5037164
"29",30.267153,-97.7430608
"30",41.49932,-81.6943605
"31",39.7392358,-104.990251
"32",35.7795897,-78.6381787
"33",39.8289369,-84.8902382
"34",33.7489954,-84.3879824
"35",42.3689363,-87.8271534
"36",38.984652,-77.0947092
"37",53.2193835,6.5665017
"38",4.7109886,-74.072092
"39",-2.5391099,-44.2829046
"40",34.7464809,-92.2895948
"41",40.7453199,-74.0535126
"42",31.9685988,-99.9018131
"43",12.1149926,-86.2361744
"44",42.3736158,-71.1097335
"45",46.729553,-94.6858998
"46",38.8816208,-77.0909809
"47",44.8480218,-93.0427153
"48",36.8507689,-76.2858726
"49",27.7676008,-82.6402915
"50",33.8508021,-117.7490656
"51",40.8259007,-74.2090053
"52",45.4604,-122.788377
"53",38.9071923,-77.0368707
"54",38.0405837,-84.5037164
"55",54.597285,-5.93012
"56",29.7604267,-95.3698028
"57",36.1626638,-86.7816016
"58",45.5016889,-73.567256
"59",34.0522342,-118.2436849
"60",41.525031,-88.0817251
"61",34.1533395,-118.7616764
"62",37.7749295,-122.4194155
"63",41.49932,-81.6943605
"64",38.8816208,-77.0909809
"65",40.7127753,-74.0059728
"66",40.2689785,-76.7680263
"67",40.7127753,-74.0059728
"68",42.2411344,-88.3161965
"69",30.4514677,-91.1871466
"70",40.5795317,-74.1502007
"71",41.8781136,-87.6297982
"72",33.7489954,-84.3879824
"73",39.9611755,-82.9987942
"74",39.9611755,-82.9987942
"75",39.9611755,-82.9987942
"76",39.957902,-75.3076883
"77",43.0389025,-87.9064736
"78",35.0821039,-77.0863383
"79",42.8864468,-78.8783689
"80",34.0378916,-94.3413168
"81",36.7189846,-82.795995
"82",40.7127753,-74.0059728
"83",44.977753,-93.2650108
"84",38.5815719,-121.4943996
"85",37.7749295,-122.4194155
"86",39.9611755,-82.9987942
"87",38.9536174,-94.7335709
"88",41.0071914,-8.6410332
"89",46.5653163,-66.4619164
"90",41.308274,-72.9278835
"91",34.2103894,-77.8868117
"92",40.8256536,-73.2026138
"93",39.9625984,-76.727745
"94",39.9611755,-82.9987942
"95",37.7749295,-122.4194155
"96",38.7509488,-77.4752667
"97",38.8816208,-77.0909809
"98",36.1626638,-86.7816016
"99",33.9562149,-83.9879625
"100",33.5185892,-86.8103567
"101",41.2033216,-77.1945247
"102",37.6557172,-88.9988098
"103",33.7489954,-84.3879824
"104",37.8271784,-122.2913078
"105",40.7607793,-111.8910474
"106",40.7895453,-74.0565298
"107",38.9071923,-77.0368707
"108",38.9071923,-77.0368707
"109",49.0253085,-122.802962
"110",39.7392358,-104.990251
"111",38.9887199,-78.358616
"112",32.7667955,-96.5991593
"113",24.5550593,-81.7799871
"114",39.7392358,-104.990251
"115",43.653226,-79.3831843
"116",42.4989936,-83.3677168
"117",36.1626638,-86.7816016
"118",43.0481221,-76.1474244
"119",34.0522342,-118.2436849
"120",40.3025907,-74.511172
"121",34.0286226,-117.8103367
"122",27.6648274,-81.5157535
"123",33.9412127,-84.2135309
"124",30.421309,-87.2169149
"125",35.0077519,-97.092877
"126",39.0228485,-94.7151865
"127",41.49932,-81.6943605
"128",41.6528052,-83.5378674
"129",45.4215296,-75.6971931
"130",38.3498195,-81.6326234
"131",39.9525839,-75.1652215
"132",39.6837226,-75.7496572
"133",37.6537367,-97.5247243
"134",33.1031744,-96.6705503
"135",40.1006661,-74.8518311
"136",40.9114882,-73.7823549
"137",42.9633599,-85.6680863
"138",42.9790067,-78.792272
"139",29.7604267,-95.3698028
"140",38.9071923,-77.0368707
"141",41.1575566,-81.2420473
"142",38.7881062,-90.4974359
"143",38.9012225,-77.2652604
"144",34.1425078,-118.255075
"145",40.5852602,-105.084423
"146",29.7604267,-95.3698028
"147",34.1014873,-84.5193754
"148",38.9071923,-77.0368707
"149",33.7489954,-84.3879824
"150",39.9611755,-82.9987942
"151",40.2731911,-76.8867008
"152",38.9071923,-77.0368707
"153",42.3600825,-71.0588801
"154",59.9138688,10.7522454
"155",43.2557206,-79.8711024
"156",52.3555177,-1.1743197
"157",40.2731911,-76.8867008
"158",37.6624312,-121.8746789
"159",38.440429,-122.7140548
"160",41.8781136,-87.6297982
"161",29.483264,-98.466836
"162",36.025609,-78.9853813
"163",26.1669711,-80.256595
"164",40.4406248,-79.9958864
"165",41.6611277,-91.5301683
"166",33.7489954,-84.3879824
"167",43.2122851,-77.4299939
"168",37.6871761,-97.330053
"169",37.6871761,-97.330053
"170",32.2226066,-110.9747108
"171",32.2226066,-110.9747108
"172",46.729553,-94.6858998
"173",38.9071923,-77.0368707
"174",38.9071923,-77.0368707
"175",38.9071923,-77.0368707
"176",39.7392358,-104.990251
"177",40.8256536,-73.2026138
"178",39.9525839,-75.1652215
"179",35.0768141,-80.6692352
"180",36.2942722,-82.4734787
"181",38.6270025,-90.1994042
"182",32.7766642,-96.7969879
"183",40.0010204,-75.8069082
"184",41.8781136,-87.6297982
"185",33.2098407,-87.5691735
"186",36.778261,-119.4179324
"187",38.6270025,-90.1994042
"188",38.6270025,-90.1994042
"189",39.9868904,-75.4007058
"190",41.8781136,-87.6297982
"191",31.9685988,-99.9018131
"192",39.9611755,-82.9987942
"193",38.9071923,-77.0368707
"194",51.5073509,-0.1277583
"195",42.3600825,-71.0588801
"196",42.732535,-84.5555347
"197",32.7078751,-96.9209135
"198",41.8781136,-87.6297982
"199",37.2089572,-93.2922989
"200",37.6871761,-97.330053
"201",33.7489954,-84.3879824
"202",39.0839973,-77.1527578
"203",40.0992294,-83.1140771
"204",39.9525839,-75.1652215
"205",39.7392358,-104.990251
"206",40.4172871,-82.907123
"207",42.4072107,-71.3824374
"208",26.9342246,-80.0942087
"209",32.715738,-117.1610838
"210",41.0339862,-73.7629097
"211",41.308274,-72.9278835
"212",41.9304373,2.2544335
"213",42.3600825,-71.0588801
"214",32.0808989,-81.091203
"215",33.7489954,-84.3879824
"216",39.5500507,-105.7820674
"217",38.8816208,-77.0909809
"218",37.4800544,-86.2938637
"219",39.8422093,-75.1969346
"220",39.0457549,-76.6412712
"221",40.7127753,-74.0059728
"222",39.0839973,-77.1527578
"223",45.4895636,-73.8205567
"224",38.9071923,-77.0368707
"225",34.2745833,-81.6187178
"226",38.9071923,-77.0368707
"227",49.3199816,-123.0724139
"228",33.7489954,-84.3879824
"229",43.7844397,-88.7878678
"230",42.3600825,-71.0588801
"231",40.0466571,-76.1783739
"232",30.6953657,-88.0398912
"233",29.6516344,-82.3248262
"234",32.482361,-96.9944489
"235",35.9940329,-78.898619
"236",50.768035,0.290472
"237",44.309058,-78.319747
"238",44.0121221,-92.4801989
"239",38.9071923,-77.0368707
"240",27.950575,-82.4571776
"241",40.7127753,-74.0059728
"242",40.9114882,-73.7823549
"243",28.6139391,77.2090212
"244",38.9906657,-77.026088
"245",42.3600825,-71.0588801
"246",42.3600825,-71.0588801
"247",32.3643098,-88.703656
"248",40.6331249,-89.3985283
"249",41.1792258,-73.1894384
"250",33.7489954,-84.3879824
"251",41.652251,-4.7245321
"252",36.3136201,-121.3541631
"253",35.2270869,-80.8431267
"254",31.7618778,-106.4850217
"255",31.7618778,-106.4850217
"256",37.5407246,-77.4360481
"257",40.7830603,-73.9712488
"258",35.1495343,-90.0489801
"259",51.253775,-85.323214
"260",33.7748275,-84.2963123
"261",35.1495343,-90.0489801
"262",35.1495343,-90.0489801
"263",36.1626638,-86.7816016
"264",27.4989278,-82.5748194
"265",39.9625984,-76.727745
"266",41.6528052,-83.5378674
"267",42.3736158,-71.1097335
"268",39.0839973,-77.1527578
"269",38.6270025,-90.1994042
"270",39.4937392,-6.0679194
"271",41.6986416,-88.0683955
"272",40.5187154,-74.4120953
"273",27.950575,-82.4571776
"274",33.7489954,-84.3879824
"275",35.8422967,-90.704279
"276",41.2033216,-77.1945247
"277",40.7282239,-73.7948516
"278",41.424473,-91.0432051
"279",41.143245,-81.8552196
"280",41.5638902,-93.7593841
"281",43.0730517,-89.4012302
"282",43.0730517,-89.4012302
"283",32.1656221,-82.9000751
"284",32.8140177,-96.9488945
"285",50.82253,-0.137163
"286",40.4406248,-79.9958864
"287",35.4675602,-97.5164276
"288",41.6763545,-86.2519898
"289",38.6270025,-90.1994042
"290",42.3736158,-71.1097335
"291",10.4787218,-66.8215981
"292",40.0583238,-74.4056612
"293",40.0918895,-74.3587473
"294",40.5187154,-74.4120953
"295",36.1699412,-115.1398296
"296",33.0369867,-117.2919818
"297",-21.7624237,-43.3433999
"298",33.7489954,-84.3879824
"299",44.7656804,-96.3864428
"300",42.722257,-84.4274744
"301",45.2500909,-74.1330862
"302",41.2033216,-77.1945247
"303",25.7616798,-80.1917902
"304",43.8041334,-120.5542012
"305",40.0583238,-74.4056612
"306",30.267153,-97.7430608
"307",32.7764749,-79.9310512
"308",40.7127753,-74.0059728
"309",39.9611755,-82.9987942
"310",43.6121087,-116.3915131
"311",38.8462236,-77.3063733
"312",36.0998596,-80.244216
"313",42.907248,-85.7919784
"314",41.8781136,-87.6297982
"315",41.8781136,-87.6297982
"316",30.627977,-96.3344068
"317",35.1495343,-90.0489801
"318",44.977753,-93.2650108
"319",42.3016305,-71.067605
"320",38.7509488,-77.4752667
"321",44.6688524,-90.1717987
"322",35.9940329,-78.898619
"323",37.2089572,-93.2922989
"324",44.6688524,-90.1717987
"325",31.628871,65.7371749
"326",29.3013479,-94.7976958
"327",46.8083268,-100.7837392
"328",32.8406946,-83.6324022
"329",30.3321838,-81.655651
"330",40.7127753,-74.0059728
"331",29.4241219,-98.4936282
"332",38.9906657,-77.026088
"333",40.6694022,-73.9422324
"334",35.4087517,-80.579511
"335",39.7392358,-104.990251
"336",38.9071923,-77.0368707
"337",38.9108325,-75.5276699
"338",35.1495343,-90.0489801
"339",39.2903848,-76.6121893
"340",32.6098566,-85.4807825
"341",25.7616798,-80.1917902
"342",41.9294736,-88.7503647
"343",38.6611187,-96.4919473
"344",38.9003784,-77.0116529
"345",42.3600825,-71.0588801
"346",38.984652,-77.0947092
"347",32.9445682,-87.1386067
"348",18.4655394,-66.1057355
"349",38.9071923,-77.0368707
"350",33.7489954,-84.3879824
"351",41.8781136,-87.6297982
"352",42.3600825,-71.0588801
"353",33.7489954,-84.3879824
"354",35.7595731,-79.0192997
"355",42.3600825,-71.0588801
"356",42.3600825,-71.0588801
"357",41.6661573,-81.339552
"358",44.7443293,-92.8513706
"359",41.673642,-88.0017261
"360",40.6781784,-73.9441579
"361",39.0839973,-77.1527578
"362",42.0133599,-89.8906765
"363",40.0975108,-99.3620427
"364",38.984652,-77.0947092
"365",40.7263249,-74.2286435
"366",40.9297591,-89.7576021
"367",32.715738,-117.1610838
"368",41.2033216,-77.1945247
"369",38.2526647,-85.7584557
"370",39.5500507,-105.7820674
"371",38.345068,-85.615517
"372",35.9131996,-79.0558445
"373",40.121497,-75.3399048
"374",35.7795897,-78.6381787
"375",35.9131996,-79.0558445
"376",41.3308237,-94.0138393
"377",33.7489954,-84.3879824
"378",32.715738,-117.1610838
"379",27.6648274,-81.5157535
"380",42.3736158,-71.1097335
"381",30.3456213,-97.8019087
"382",40.6850762,-79.1096901
"383",43.5890452,-79.6441198
"384",39.5150576,-84.3982763
"385",43.1508883,-77.6858621
"386",43.6590993,-70.2568189
"387",45.5122308,-122.6587185
"388",36.778261,-119.4179324
"389",0.3475964,32.5825197
"390",31.9685988,-99.9018131
"391",43.8041334,-120.5542012
"392",35.5174913,-86.5804473
"393",14.5995124,120.9842195
"394",37.09024,-95.712891
"395",45.4215296,-75.6971931
"396",26.1595194,-97.9908366
"397",44.9537029,-93.0899578
"398",44.9537029,-93.0899578
"399",43.4194699,-83.9508068
"400",39.1155314,-94.6267873
"401",40.4406248,-79.9958864
"402",39.9611755,-82.9987942
"403",35.5174913,-86.5804473
"404",33.4483771,-112.0740373
"405",33.4483771,-112.0740373
"406",38.9071923,-77.0368707
"407",53.3498053,-6.2603097
"408",30.7235263,-95.5507771
"409",36.1626638,-86.7816016
"410",33.7489954,-84.3879824
"411",36.1023715,-115.1745559
"412",33.7489954,-84.3879824
"413",45.5016889,-73.567256
"414",18.2543987,-65.9729421
"415",30.5082551,-97.678896
"416",43.0389025,-87.9064736
"417",39.0638705,-108.5506486
"418",39.0638705,-108.5506486
"419",40.2859239,-76.6502468
"420",41.4901024,-71.3128285
"421",45.5122308,-122.6587185
"422",39.0437567,-77.4874416
"423",39.0638705,-108.5506486
"424",45.0212762,-74.730345
"425",-43.5320544,172.6362254
"426",42.8864468,-78.8783689
"427",41.4333909,-96.4981467
"428",41.6303103,-87.8539425
"429",43.2557206,-79.8711024
"430",39.768403,-86.158068
"431",37.6624312,-121.8746789
"432",42.3600825,-71.0588801
"433",-0.1806532,-78.4678382
"434",40.2290075,-75.3878525
"435",39.7674578,-94.846681
"436",38.9108408,-94.3821724
"437",35.7595731,-79.0192997
"438",43.0389025,-87.9064736
"439",34.0522342,-118.2436849
"440",40.2731911,-76.8867008
"441",32.2226066,-110.9747108
"442",37.566535,126.9779692
"443",32.912624,-96.6388833
"444",39.4078747,-79.4067116
"445",34.227617,-118.442425
"446",-33.4488897,-70.6692655
"447",39.1031182,-84.5120196
"448",30.3321838,-81.655651
"449",47.6101497,-122.2015159
"450",27.950575,-82.4571776
"451",39.5911871,-106.0640179
"452",40.2695538,-74.5232089
"453",32.1656221,-82.9000751
"454",37.9642529,-91.8318334
"455",43.8041334,-120.5542012
"456",39.7674578,-94.846681
"457",40.0583238,-74.4056612
"458",38.9536174,-94.7335709
"459",30.6953657,-88.0398912
"460",34.7464809,-92.2895948
"461",32.0808989,-81.091203
"462",40.2671941,-86.1349019
"463",38.3031837,-77.4605399
"464",33.9519347,-83.357567
"465",29.9510658,-90.0715323
"466",44.9597376,-93.3702186
"467",34.1477849,-118.1445155
"468",36.778261,-119.4179324
"469",29.7604267,-95.3698028
"470",40.3356483,-75.9268747
"471",40.6331249,-89.3985283
"472",37.7478572,-84.2946539
"473",33.7489954,-84.3879824
"474",41.3125552,-81.4401129
"475",35.0843859,-106.650422
"476",32.1656221,-82.9000751
"477",30.267153,-97.7430608
"478",33.4483771,-112.0740373
"479",39.0839973,-77.1527578
"480",39.0997265,-94.5785667
"481",43.653226,-79.3831843
"482",39.1031182,-84.5120196
"483",30.9842977,-91.9623327
"484",38.9071923,-77.0368707
"485",53.544389,-113.4909267
"486",39.0457549,-76.6412712
"487",38.9071923,-77.0368707
"488",44.6487635,-63.5752387
"489",42.3600825,-71.0588801
"490",39.1434406,-77.2013705
"491",37.09024,-95.712891
"492",52.3555177,-1.1743197
"493",38.9071923,-77.0368707
"494",42.2808256,-83.7430378
"495",39.5480789,-104.9739333
"496",44.0682019,-114.7420408
"497",40.4172871,-82.907123
"498",35.7595731,-79.0192997
"499",36.778261,-119.4179324
"500",53.1355091,-57.6604364
"501",43.7844397,-88.7878678
"502",30.1588129,-85.6602058
"503",27.6648274,-81.5157535
"504",35.5950581,-82.5514869
"505",38.9071923,-77.0368707
"506",34.2103894,-77.8868117
"507",35.5950581,-82.5514869
"508",38.9071923,-77.0368707
"509",32.4315813,-80.6698286
"510",43.653226,-79.3831843
"511",44.5133188,-88.0132958
"512",38.9071923,-77.0368707
"513",43.653226,-79.3831843
"514",33.6845673,-117.8265049
"515",39.9525839,-75.1652215
"516",43.4799291,-110.7624282
"517",35.2270869,-80.8431267
"518",38.9822282,-94.6707917
"519",32.3643098,-88.703656
"520",27.6648274,-81.5157535
"521",39.9625984,-76.727745
"522",40.2731911,-76.8867008
"523",43.2097837,-77.6930602
"524",39.9611755,-82.9987942
"525",40.7127753,-74.0059728
"526",42.3600825,-71.0588801
"527",42.1711365,-87.8445119
"528",35.5950581,-82.5514869
"529",34.9495672,-81.9320482
"530",34.2367621,-84.4907621
"531",35.5174913,-86.5804473
"532",45.5122308,-122.6587185
"533",45.5122308,-122.6587185
"534",39.1031182,-84.5120196
"535",34.0333443,-118.0370113
"536",41.6611277,-91.5301683
"537",37.3860517,-122.0838511
"538",44.837789,-0.57918
"539",19.0759837,72.8776559
"540",40.7282239,-73.7948516
"541",42.9716437,-87.8758939
"542",39.9611755,-82.9987942
"543",41.2565369,-95.9345034
"544",33.5185892,-86.8103567
"545",33.4941704,-111.9260519
"546",44.6487635,-63.5752387
"547",47.5615096,-52.7125768
"548",34.3608341,-117.6333884
"549",36.1023715,-115.1745559
"550",42.2411344,-88.3161965
"551",41.8096201,-72.8305154
"552",36.778261,-119.4179324
"553",39.9611755,-82.9987942
"554",36.778261,-119.4179324
"555",35.9131996,-79.0558445
"556",27.950575,-82.4571776
"557",39.9611755,-82.9987942
"558",39.9611755,-82.9987942
"559",38.9085472,-77.2405153
"560",26.1420358,-81.7948103
"561",41.4886892,-75.7085248
"562",37.2709704,-79.9414266
"563",38.0293059,-78.4766781
"564",36.1023715,-115.1745559
"565",-23.5505199,-46.6333094
"566",39.2903848,-76.6121893
"567",42.1269692,-89.2556618
"568",40.0149856,-105.2705456
"569",18.0117807,-66.6134129
"570",33.7489954,-84.3879824
"571",42.8678693,-71.4948322
"572",40.789142,-73.134961
"573",40.7127753,-74.0059728
"574",-27.4697707,153.0251235
"575",42.4072107,-71.3824374
"576",39.9525839,-75.1652215
"577",57.0530556,-135.33
"578",40.0583238,-74.4056612
"579",40.7127753,-74.0059728
"580",41.5868353,-93.6249593
"581",42.3600825,-71.0588801
"582",33.7475203,-116.9719684
"583",33.7489954,-84.3879824
"584",42.245869,-84.4013462
"585",44.6704998,-70.1512169
"586",36.9685219,-86.4808043
"587",34.2010832,-118.5010942
"588",26.6514503,-80.2767327
"589",38.8816208,-77.0909809
"590",41.146763,-73.4948445
"591",42.3600825,-71.0588801
"592",40.7127753,-74.0059728
"593",34.2103894,-77.8868117
"594",44.9537029,-93.0899578
"595",36.778261,-119.4179324
"596",45.8982631,-77.2828772
"597",38.3498195,-81.6326234
"598",25.693713,-80.1628248
"599",41.0589855,-74.0218063
"600",35.4675602,-97.5164276
"601",41.49932,-81.6943605
"602",40.2671941,-86.1349019
"603",41.8781136,-87.6297982
"604",43.4577692,-88.837329
"605",33.7489954,-84.3879824
"606",4.7109886,-74.072092
"607",50.8503463,4.3517211
"608",29.7604267,-95.3698028
"609",40.7127753,-74.0059728
"610",39.8422093,-75.1969346
"611",38.4495688,-78.8689155
"612",39.9167783,-75.387693
"613",38.2526647,-85.7584557
"614",44.3148443,-85.6023643
"615",40.7127753,-74.0059728
"616",38.9071923,-77.0368707
"617",40.7127753,-74.0059728
"618",42.3600825,-71.0588801
"619",41.49932,-81.6943605
"620",43.2557206,-79.8711024
"621",27.6648274,-81.5157535
"622",42.5678534,-83.373339
"623",39.9741059,-74.1592278
"624",39.0256651,-77.0763669
"625",41.085652,-73.8584684
"626",40.3084762,-89.7004215
"627",40.6849626,-80.1071379
"628",41.2053599,-76.004923
"629",40.7127753,-74.0059728
"630",35.0843859,-106.650422
"631",35.1495343,-90.0489801
"632",36.0584021,-90.4973286
"633",29.4241219,-98.4936282
"634",35.79154,-78.7811169
"635",38.984652,-77.0947092
"636",40.6781784,-73.9441579
"637",42.2079017,-71.0040013
"638",41.3144966,-81.83569
"639",39.9525839,-75.1652215
"640",40.7127753,-74.0059728
"641",49.9473663,-119.5588208
"642",43.7153482,-72.307869
"643",44.6688524,-90.1717987
"644",39.9567548,-86.01335
"645",24.7135517,46.6752957
"646",33.7489954,-84.3879824
"647",39.6847822,-83.9296526
"648",33.7489954,-84.3879824
"649",32.7766642,-96.7969879
"650",42.4906231,-71.2760089
"651",41.2033216,-77.1945247
"652",38.6270025,-90.1994042
"653",40.7127753,-74.0059728
"654",44.0121221,-92.4801989
"655",-9.4438004,147.1802671
"656",39.5296329,-119.8138027
"657",30.3321838,-81.655651
"658",40.7127753,-74.0059728
"659",39.5744309,-106.0975203
"660",41.7360305,-72.795027
"661",38.9071923,-77.0368707
"662",37.8271784,-122.2913078
"663",42.4733688,-83.2218731
"664",40.3572976,-74.6672226
"665",39.9611755,-82.9987942
"666",29.7604267,-95.3698028
"667",40.4842027,-88.9936873
"668",41.6528052,-83.5378674
"669",30.3321838,-81.655651
"670",26.8222941,-80.107103
"671",36.8689554,-94.367996
"672",42.3600825,-71.0588801
"673",42.9956397,-71.4547891
"674",44.0121221,-92.4801989
"675",29.6498691,-90.1120696
"676",42.6151357,-77.0919056
"677",30.9842977,-91.9623327
"678",43.2081366,-71.5375718
"679",33.6845673,-117.8265049
"680",35.7795897,-78.6381787
"681",37.7749295,-122.4194155
"682",43.7844397,-88.7878678
"683",43.0389025,-87.9064736
"684",41.2459149,-75.8813075
"685",35.1495343,-90.0489801
"686",39.0997265,-94.5785667
"687",35.1495343,-90.0489801
"688",40.6022939,-75.4714098
"689",31.9685988,-99.9018131
"690",33.1192875,-97.0255641
"691",41.8781136,-87.6297982
"692",42.1945758,-122.7094767
"693",46.729553,-94.6858998
"694",39.168723,-75.7132641
"695",32.1656221,-82.9000751
"696",34.0522342,-118.2436849
"697",45.3149603,-95.6000349
"698",40.813616,-96.7025955
"699",29.3013479,-94.7976958
"700",38.0405837,-84.5037164
"701",33.7489954,-84.3879824
"702",41.652251,-4.7245321
"703",38.9784453,-76.4921829
"704",47.2472192,17.1489022
"705",42.3600825,-71.0588801
"706",28.5383355,-81.3792365
"707",44.6688524,-90.1717987
"708",46.729553,-94.6858998
"709",39.2903848,-76.6121893
"710",26.1275862,-80.2331036
"711",43.1565779,-77.6088465
"712",43.653226,-79.3831843
"713",37.9642529,-91.8318334
"714",40.4172871,-82.907123
"715",30.3321838,-81.655651
"716",40.6010681,-75.4751457
"717",36.778261,-119.4179324
"718",39.2903848,-76.6121893
"719",40.9867609,-75.1946248
"720",40.9867609,-75.1946248
"721",39.768403,-86.158068
"722",43.3616211,-80.3144276
"723",41.8781136,-87.6297982
"724",39.7047095,-105.0813734
"725",51.253775,-85.323214
"726",40.3025907,-74.511172
"727",40.6022939,-75.4714098
"728",33.7489954,-84.3879824
"729",41.6717648,-72.9492703
"730",40.4406248,-79.9958864
"731",41.8781136,-87.6297982
"732",40.8971942,16.8454361
"733",39.7500678,-84.2077968
"734",52.6483303,19.0677357
"735",39.4142688,-77.4105409
"736",43.653226,-79.3831843
"737",33.9562149,-83.9879625
"738",30.267153,-97.7430608
"739",33.7489954,-84.3879824
"740",38.9071923,-77.0368707
"741",40.7127753,-74.0059728
"742",33.7489954,-84.3879824
"743",38.9120704,-77.4985673
"744",38.5976262,-80.4549026
"745",20.6596988,-103.3496092
"746",35.052565,-97.9364326
"747",29.4241219,-98.4936282
"748",30.3321838,-81.655651
"749",39.0997265,-94.5785667
"750",41.8781136,-87.6297982
"751",41.8781136,-87.6297982
"752",41.8781136,-87.6297982
"753",42.3600825,-71.0588801
"754",40.7127753,-74.0059728
"755",27.950575,-82.4571776
"756",39.9525839,-75.1652215
"757",43.0389025,-87.9064736
"758",44.6819866,-63.744311
"759",39.8842304,-82.7535049
"760",39.2320029,-84.3782734
"761",40.7127753,-74.0059728
"762",42.974536,-82.4065901
"763",40.8932469,-74.0116536
"764",40.8932469,-74.0116536
"765",-27.4697707,153.0251235
"766",39.7392358,-104.990251
"767",38.9071923,-77.0368707
"768",39.1031182,-84.5120196
"769",41.0997803,-80.6495194
"770",33.2098407,-87.5691735
"771",41.0167639,-74.2057011
"772",38.9517053,-92.3340724
"773",39.3702773,-94.7824609
"774",36.778261,-119.4179324
"775",54.597285,-5.93012
"776",35.7595731,-79.0192997
"777",36.0956918,-79.4377991
"778",34.1781719,-82.3790147
"779",41.49932,-81.6943605
"780",33.4255104,-111.9400054
"781",36.2139814,-83.2948922
"782",39.0997265,-94.5785667
"783",40.4406248,-79.9958864
"784",39.1434406,-77.2013705
"785",43.2557206,-79.8711024
"786",39.7392358,-104.990251
"787",39.1031182,-84.5120196
"788",29.7604267,-95.3698028
"789",33.836081,-81.1637245
"790",44.3148443,-85.6023643
"791",41.6032207,-73.087749
"792",38.8462236,-77.3063733
"793",40.1416782,-75.1926937
"794",43.0389025,-87.9064736
"795",52.486243,-1.890401
"796",32.7814699,-117.0040719
"797",41.8084314,-72.2495231
"798",35.9940329,-78.898619
"799",42.3648007,-71.0537232
"800",42.3600825,-71.0588801
"801",42.3600825,-71.0588801
"802",38.984652,-77.0947092
"803",37.4019918,-86.8758256
"804",31.3271189,-89.2903392
"805",26.3683064,-80.1289321
"806",40.2276709,-74.0381143
"807",33.5185892,-86.8103567
"808",39.4183689,-92.4382367
"809",36.778261,-119.4179324
"810",39.2903848,-76.6121893
"811",47.6101497,-122.2015159
"812",31.9685988,-99.9018131
"813",47.639674,6.863849
"814",36.0726354,-79.7919754
"815",34.9495672,-81.9320482
"816",40.7127753,-74.0059728
"817",42.3600825,-71.0588801
"818",35.5942137,-105.2227978
"819",40.6781784,-73.9441579
"820",40.2671941,-86.1349019
"821",35.9940329,-78.898619
"822",38.7188716,-77.1542684
"823",41.5236437,-90.5776367
"824",36.0998596,-80.244216
"825",34.033625,-117.0430865
"826",36.1626638,-86.7816016
"827",43.653226,-79.3831843
"828",41.8781136,-87.6297982
"829",38.984652,-77.0947092
"830",41.1282178,-101.7203993
"831",38.7742826,-76.0763305
"832",43.2557206,-79.8711024
"833",42.3667625,-71.3031132
"834",52.2296756,21.0122287
"835",42.2809285,-71.2377548
"836",38.9108325,-75.5276699
"837",40.7989473,-81.378447
"838",39.1031182,-84.5120196
"839",50.82253,-0.137163
"840",39.6283928,-84.1593818
"841",9.0787304,7.4729757
"842",27.0997775,-82.4542632
"843",35.7595731,-79.0192997
"844",40.9701039,-5.6635397
"845",35.7595731,-79.0192997
"846",48.8499198,2.6370411
"847",-41.2864603,174.776236
"848",5.13151,-1.2794744
"849",45.0703393,7.686864
"850",33.7174708,-117.8311428
"851",33.7489954,-84.3879824
"852",43.2557206,-79.8711024
"853",41.8781136,-87.6297982
"854",-23.859682,29.4532849
"855",39.0997265,-94.5785667
"856",39.0437567,-77.4874416
"857",28.7040592,77.1024902
"858",13.0826802,80.2707184
"859",43.653226,-79.3831843
"860",34.0522342,-118.2436849
"861",39.9525839,-75.1652215
"862",39.9525839,-75.1652215
"863",35.4675602,-97.5164276
"864",35.20105,-91.8318334
"865",32.1656221,-82.9000751
"866",29.7604267,-95.3698028
"867",41.6032207,-73.087749
"868",38.9071923,-77.0368707
"869",35.0077519,-97.092877
"870",47.7510741,-120.7401385
"871",47.9648569,-122.2098584
"872",39.9525839,-75.1652215
"873",40.4417682,-75.3415667
"874",33.4941704,-111.9260519
"875",41.9584457,-70.6672621
"876",37.8393332,-84.2700179
"877",37.9715592,-87.5710898
"878",28.274347,-82.3885783
"879",27.950575,-82.4571776
"880",42.1662831,-87.9631308
"881",41.3747744,-83.6513229
"882",40.7808398,-99.7415045
"883",41.8781136,-87.6297982
"884",38.9071923,-77.0368707
"885",21.485811,39.1925048
"886",37.09024,-95.712891
"887",39.768403,-86.158068
"888",39.768403,-86.158068
"889",32.2226066,-110.9747108
"890",43.2557206,-79.8711024
"891",42.2808256,-83.7430378
"892",33.0145673,-97.0969552
"893",33.9791793,-118.032844
"894",43.2557206,-79.8711024
"895",39.2461138,-94.4191177
"896",43.653226,-79.3831843
"897",38.9338676,-77.1772604
"898",41.223,-111.9738304
"899",35.410694,-80.8428504
"900",34.7303688,-86.5861037
"901",43.2557206,-79.8711024
"902",28.7588833,-81.3178446
"903",42.1943909,-71.1989695
"904",36.1626638,-86.7816016
